INSERT INTO services (name, office_number) VALUES
('Ressources Humaines', 101),
('Comptabilité', 202),
('Marketing', 303),
('Développement', 404),
('Support Client', 505),
('Ventes', 606),
('Logistique', 707);

INSERT INTO employees (first_name, last_name, email, salary, service_id) VALUES
('Jean', 'Dupont', 'jean.dupont@company.com', 45000.00, 1),
('Marie', 'Martin', 'marie.martin@company.com', 42000.00, 2),
('Pierre', 'Bernard', 'pierre.bernard@company.com', 55000.00, 3),
('Sophie', 'Petit', 'sophie.petit@company.com', 48000.00, 4),
('Luc', 'Robert', 'luc.robert@company.com', 41000.00, 5),
('Claire', 'Richard', 'claire.richard@company.com', 52000.00, 6),
('Thomas', 'Durand', 'thomas.durand@company.com', 47000.00, 7),
('Emma', 'Leroy', 'emma.leroy@company.com', 43000.00, 1),
('Nicolas', 'Moreau', 'nicolas.moreau@company.com', 49000.00, 2),
('Julie', 'Lambert', 'julie.lambert@company.com', 51000.00, 3),
('Antoine', 'Girard', 'antoine.girard@company.com', 46000.00, 4),
('Laura', 'Roux', 'laura.roux@company.com', 44000.00, 5),
('Maxime', 'David', 'maxime.david@company.com', 53000.00, 6),
('Camille', 'Bertrand', 'camille.bertrand@company.com', 50000.00, 7),
('Alexandre', 'Vincent', 'alexandre.vincent@company.com', 48000.00, 1),
('Chloé', 'Simon', 'chloe.simon@company.com', 45000.00, 2),
('Julien', 'Michel', 'julien.michel@company.com', 54000.00, 3),
('Aurélie', 'Lefebvre', 'aurelie.lefebvre@company.com', 47000.00, 4),
('Sébastien', 'Lefevre', 'sebastien.lefevre@company.com', 42000.00, 5),
('Elodie', 'Mercier', 'elodie.mercier@company.com', 51000.00, 6),
('Romain', 'Blanc', 'romain.blanc@company.com', 49000.00, 7),
('Céline', 'Guerin', 'celine.guerin@company.com', 46000.00, 1),
('Mathieu', 'Boyer', 'mathieu.boyer@company.com', 52000.00, 2),
('Emilie', 'Garnier', 'emilie.garnier@company.com', 48000.00, 3),
('Florian', 'Chevalier', 'florian.chevalier@company.com', 45000.00, 4),
('Audrey', 'Francois', 'audrey.francois@company.com', 50000.00, 5),
('Guillaume', 'Legrand', 'guillaume.legrand@company.com', 53000.00, 6),
('Pauline', 'Gauthier', 'pauline.gauthier@company.com', 47000.00, 7),
('Fabien', 'Perrin', 'fabien.perrin@company.com', 44000.00, 1),
('Mélanie', 'Robin', 'melanie.robin@company.com', 51000.00, 2);

INSERT INTO manage (service_id, employee_id, start_date) VALUES
(1, 1, '2023-01-15'),
(2, 9, '2023-02-01'),
(3, 10, '2023-03-10'),
(4, 11, '2023-04-05'),
(5, 12, '2023-05-20'),
(6, 13, '2023-06-15'),
(7, 14, '2023-07-01');